Workbook

Sheet Overview
A1: NBA Lineup Continuity — Minute Distribution (all teams, all seasons)
A2: Play-by-play, 30 teams x 5 seasons (2021-22 to 2025-26). Collision-safe: tags keyed on player_id; HOU 2023-24 uses corrected Green tags.
A5: TWO LENSES
A6: Scenario distribution | B6: % of a team-seasons minutes spent in each roster-tag SCENARIO, classified by the lineup on the floor each stint.
A7: Preserve | B7: Starters + Deep Bench Player, and Short Bench Preserved.
A8: Pilfer | B8: Starters + Short Bench Player, and Short Bench Pilfered.
A9: Baseline | B9: Starter Baseline (5 starters).
A10: Garbage Time | B10: Garbage-time lineups (tag-based).
A11: Other | B11: Lineups not matching a defined scenario (<0.5% of minutes).
A13: Starting-class distribution | B13: % of a team-seasons minutes that occurred in GAMES started by each composition. All of a games minutes are attributed to its starting fives class.
A14: 5+0 / 4+1 / 3+2 / <=2 | B14: Number of tagged Starters in the starting five (5+0 = all five; 4+1 = four; etc.). 4+1 and 3+2 split by SB vs DB of the non-starters.
A16: KEY DIFFERENCE
B17: Scenario distribution classifies EACH STINT by who is on the floor. Starting-class distribution classifies each GAME once, by who started, then attributes the whole games minutes to that class. The two answer different questions and will not match.
A19: SHEET GUIDE
A20: Scenario % (team-season) | B20: 150 rows: each team-seasons minute share by scenario. Percentages are formulas over the minutes in "Scenario Minutes".
A21: Scenario % (team 5yr) | B21: 30 rows: each franchises 5-year minute share by scenario.
A22: Start-Class % (team-season) | B22: 150 rows: minute share by starting class.
A23: Start-Class % (team 5yr) | B23: 30 rows: franchise 5-year minute share by starting class.
A24: Scenario Minutes | B24: Underlying minutes (values) behind the scenario percentages.
A25: Start-Class Minutes | B25: Underlying minutes (values) behind the starting-class percentages.

Sheet Scenario % (team-season)
A1: Scenario % of Minutes — by team-season
A2: Share of each team-seasons minutes by roster-tag scenario. Cells are formulas over "Scenario Minutes".
A4: Season | B4: Team | C4: Preserve | D4: Pilfer | E4: Baseline | F4: Garbage Time | G4: Other
A5: 2021-22 | B5: ATL | C5: =IFERROR('Scenario Minutes'!C4/'Scenario Minutes'!$H4,0) -> 0.39259071 | D5: =IFERROR('Scenario Minutes'!D4/'Scenario Minutes'!$H4,0) -> 0.45364121 | E5: =IFERROR('Scenario Minutes'!E4/'Scenario Minutes'!$H4,0) -> 0.045267699 | F5: =IFERROR('Scenario Minutes'!F4/'Scenario Minutes'!$H4,0) -> 0.10850038 | G5: =IFERROR('Scenario Minutes'!G4/'Scenario Minutes'!$H4,0) -> 0
A6: 2022-23 | B6: ATL | C6: =IFERROR('Scenario Minutes'!C5/'Scenario Minutes'!$H5,0) -> 0.29758997 | D6: =IFERROR('Scenario Minutes'!D5/'Scenario Minutes'!$H5,0) -> 0.45422952 | E6: =IFERROR('Scenario Minutes'!E5/'Scenario Minutes'!$H5,0) -> 0.18577652 | F6: =IFERROR('Scenario Minutes'!F5/'Scenario Minutes'!$H5,0) -> 0.062403989 | G6: =IFERROR('Scenario Minutes'!G5/'Scenario Minutes'!$H5,0) -> 0
A7: 2023-24 | B7: ATL | C7: =IFERROR('Scenario Minutes'!C6/'Scenario Minutes'!$H6,0) -> 0.1482209 | D7: =IFERROR('Scenario Minutes'!D6/'Scenario Minutes'!$H6,0) -> 0.64561457 | E7: =IFERROR('Scenario Minutes'!E6/'Scenario Minutes'!$H6,0) -> 0.16854272 | F7: =IFERROR('Scenario Minutes'!F6/'Scenario Minutes'!$H6,0) -> 0.037621818 | G7: =IFERROR('Scenario Minutes'!G6/'Scenario Minutes'!$H6,0) -> 0
A8: 2024-25 | B8: ATL | C8: =IFERROR('Scenario Minutes'!C7/'Scenario Minutes'!$H7,0) -> 0.35276423 | D8: =IFERROR('Scenario Minutes'!D7/'Scenario Minutes'!$H7,0) -> 0.55062059 | E8: =IFERROR('Scenario Minutes'!E7/'Scenario Minutes'!$H7,0) -> 0.071184813 | F8: =IFERROR('Scenario Minutes'!F7/'Scenario Minutes'!$H7,0) -> 0.02543037 | G8: =IFERROR('Scenario Minutes'!G7/'Scenario Minutes'!$H7,0) -> 0
A9: 2025-26 | B9: ATL | C9: =IFERROR('Scenario Minutes'!C8/'Scenario Minutes'!$H8,0) -> 0.2621428 | D9: =IFERROR('Scenario Minutes'!D8/'Scenario Minutes'!$H8,0) -> 0.50585942 | E9: =IFERROR('Scenario Minutes'!E8/'Scenario Minutes'!$H8,0) -> 0.21040776 | F9: =IFERROR('Scenario Minutes'!F8/'Scenario Minutes'!$H8,0) -> 0.021590017 | G9: =IFERROR('Scenario Minutes'!G8/'Scenario Minutes'!$H8,0) -> 0
A10: 2021-22 | B10: BKN | C10: =IFERROR('Scenario Minutes'!C9/'Scenario Minutes'!$H9,0) -> 0.28073905 | D10: =IFERROR('Scenario Minutes'!D9/'Scenario Minutes'!$H9,0) -> 0.68342192 | E10: =IFERROR('Scenario Minutes'!E9/'Scenario Minutes'!$H9,0) -> 0.0063528221 | F10: =IFERROR('Scenario Minutes'!F9/'Scenario Minutes'!$H9,0) -> 0.029486206 | G10: =IFERROR('Scenario Minutes'!G9/'Scenario Minutes'!$H9,0) -> 0
A11: 2022-23 | B11: BKN | C11: =IFERROR('Scenario Minutes'!C10/'Scenario Minutes'!$H10,0) -> 0.16629498 | D11: =IFERROR('Scenario Minutes'!D10/'Scenario Minutes'!$H10,0) -> 0.63281804 | E11: =IFERROR('Scenario Minutes'!E10/'Scenario Minutes'!$H10,0) -> 0.12290928 | F11: =IFERROR('Scenario Minutes'!F10/'Scenario Minutes'!$H10,0) -> 0.077977699 | G11: =IFERROR('Scenario Minutes'!G10/'Scenario Minutes'!$H10,0) -> 0
A12: 2023-24 | B12: BKN | C12: =IFERROR('Scenario Minutes'!C11/'Scenario Minutes'!$H11,0) -> 0.2600101 | D12: =IFERROR('Scenario Minutes'!D11/'Scenario Minutes'!$H11,0) -> 0.41310275 | E12: =IFERROR('Scenario Minutes'!E11/'Scenario Minutes'!$H11,0) -> 0.2764201 | F12: =IFERROR('Scenario Minutes'!F11/'Scenario Minutes'!$H11,0) -> 0.050467054 | G12: =IFERROR('Scenario Minutes'!G11/'Scenario Minutes'!$H11,0) -> 0
A13: 2024-25 | B13: BKN | C13: =IFERROR('Scenario Minutes'!C12/'Scenario Minutes'!$H12,0) -> 0.20283114 | D13: =IFERROR('Scenario Minutes'!D12/'Scenario Minutes'!$H12,0) -> 0.55856926 | E13: =IFERROR('Scenario Minutes'!E12/'Scenario Minutes'!$H12,0) -> 0.14001517 | F13: =IFERROR('Scenario Minutes'!F12/'Scenario Minutes'!$H12,0) -> 0.098584429 | G13: =IFERROR('Scenario Minutes'!G12/'Scenario Minutes'!$H12,0) -> 0
A14: 2025-26 | B14: BKN | C14: =IFERROR('Scenario Minutes'!C13/'Scenario Minutes'!$H13,0) -> 0.046216148 | D14: =IFERROR('Scenario Minutes'!D13/'Scenario Minutes'!$H13,0) -> 0.41602126 | E14: =IFERROR('Scenario Minutes'!E13/'Scenario Minutes'!$H13,0) -> 0 | F14: =IFERROR('Scenario Minutes'!F13/'Scenario Minutes'!$H13,0) -> 0.20665654 | G14: =IFERROR('Scenario Minutes'!G13/'Scenario Minutes'!$H13,0) -> 0.33110605
A15: 2021-22 | B15: BOS | C15: =IFERROR('Scenario Minutes'!C14/'Scenario Minutes'!$H14,0) -> 0.40419493 | D15: =IFERROR('Scenario Minutes'!D14/'Scenario Minutes'!$H14,0) -> 0.42589802 | E15: =IFERROR('Scenario Minutes'!E14/'Scenario Minutes'!$H14,0) -> 0.11122833 | F15: =IFERROR('Scenario Minutes'!F14/'Scenario Minutes'!$H14,0) -> 0.058678724 | G15: =IFERROR('Scenario Minutes'!G14/'Scenario Minutes'!$H14,0) -> 0
A16: 2022-23 | B16: BOS | C16: =IFERROR('Scenario Minutes'!C15/'Scenario Minutes'!$H15,0) -> 0.3473974 | D16: =IFERROR('Scenario Minutes'!D15/'Scenario Minutes'!$H15,0) -> 0.49289289 | E16: =IFERROR('Scenario Minutes'!E15/'Scenario Minutes'!$H15,0) -> 0.10820821 | F16: =IFERROR('Scenario Minutes'!F15/'Scenario Minutes'!$H15,0) -> 0.051501502 | G16: =IFERROR('Scenario Minutes'!G15/'Scenario Minutes'!$H15,0) -> 0
... A154: 2025-26 | B154: WAS | C154: =IFERROR('Scenario Minutes'!C153/'Scenario Minutes'!$H153,0) -> 0.17975196 | D154: =IFERROR('Scenario Minutes'!D153/'Scenario Minutes'!$H153,0) -> 0.52227284 | E154: =IFERROR('Scenario Minutes'!E153/'Scenario Minutes'!$H153,0) -> 0.14884839 | F154: =IFERROR('Scenario Minutes'!F153/'Scenario Minutes'!$H153,0) -> 0.1491268 | G154: =IFERROR('Scenario Minutes'!G153/'Scenario Minutes'!$H153,0) -> 0

Sheet Scenario % (team 5yr)
A1: Scenario % of Minutes — franchise 5-year
A3: Team | B3: Preserve | C3: Pilfer | D3: Baseline | E3: Garbage Time | F3: Other
A4: ATL | B4: =IFERROR(SUMIF('Scenario Minutes'!$B$4:$B$153,$A4,'Scenario Minutes'!$C$4:$C$153)/SUMIF('Scenario Minutes'!$B$4:$B$153,$A4,'Scenario Minutes'!$H$4:$H$153),0) -> 0.29048803 | C4: =IFERROR(SUMIF('Scenario Minutes'!$B$4:$B$153,$A4,'Scenario Minutes'!$D$4:$D$153)/SUMIF('Scenario Minutes'!$B$4:$B$153,$A4,'Scenario Minutes'!$H$4:$H$153),0) -> 0.52209219 | D4: =IFERROR(SUMIF('Scenario Minutes'!$B$4:$B$153,$A4,'Scenario Minutes'!$E$4:$E$153)/SUMIF('Scenario Minutes'!$B$4:$B$153,$A4,'Scenario Minutes'!$H$4:$H$153),0) -> 0.13634802 | E4: =IFERROR(SUMIF('Scenario Minutes'!$B$4:$B$153,$A4,'Scenario Minutes'!$F$4:$F$153)/SUMIF('Scenario Minutes'!$B$4:$B$153,$A4,'Scenario Minutes'!$H$4:$H$153),0) -> 0.051071764 | F4: =IFERROR(SUMIF('Scenario Minutes'!$B$4:$B$153,$A4,'Scenario Minutes'!$G$4:$G$153)/SUMIF('Scenario Minutes'!$B$4:$B$153,$A4,'Scenario Minutes'!$H$4:$H$153),0) -> 0
A5: BKN | B5: =IFERROR(SUMIF('Scenario Minutes'!$B$4:$B$153,$A5,'Scenario Minutes'!$C$4:$C$153)/SUMIF('Scenario Minutes'!$B$4:$B$153,$A5,'Scenario Minutes'!$H$4:$H$153),0) -> 0.19126233 | C5: =IFERROR(SUMIF('Scenario Minutes'!$B$4:$B$153,$A5,'Scenario Minutes'!$D$4:$D$153)/SUMIF('Scenario Minutes'!$B$4:$B$153,$A5,'Scenario Minutes'!$H$4:$H$153),0) -> 0.54070326 | D5: =IFERROR(SUMIF('Scenario Minutes'!$B$4:$B$153,$A5,'Scenario Minutes'!$E$4:$E$153)/SUMIF('Scenario Minutes'!$B$4:$B$153,$A5,'Scenario Minutes'!$H$4:$H$153),0) -> 0.10922843 | E5: =IFERROR(SUMIF('Scenario Minutes'!$B$4:$B$153,$A5,'Scenario Minutes'!$F$4:$F$153)/SUMIF('Scenario Minutes'!$B$4:$B$153,$A5,'Scenario Minutes'!$H$4:$H$153),0) -> 0.092618265 | F5: =IFERROR(SUMIF('Scenario Minutes'!$B$4:$B$153,$A5,'Scenario Minutes'!$G$4:$G$153)/SUMIF('Scenario Minutes'!$B$4:$B$153,$A5,'Scenario Minutes'!$H$4:$H$153),0) -> 0.066187706
A6: BOS | B6: =IFERROR(SUMIF('Scenario Minutes'!$B$4:$B$153,$A6,'Scenario Minutes'!$C$4:$C$153)/SUMIF('Scenario Minutes'!$B$4:$B$153,$A6,'Scenario Minutes'!$H$4:$H$153),0) -> 0.35661726 | C6: =IFERROR(SUMIF('Scenario Minutes'!$B$4:$B$153,$A6,'Scenario Minutes'!$D$4:$D$153)/SUMIF('Scenario Minutes'!$B$4:$B$153,$A6,'Scenario Minutes'!$H$4:$H$153),0) -> 0.45461826 | D6: =IFERROR(SUMIF('Scenario Minutes'!$B$4:$B$153,$A6,'Scenario Minutes'!$E$4:$E$153)/SUMIF('Scenario Minutes'!$B$4:$B$153,$A6,'Scenario Minutes'!$H$4:$H$153),0) -> 0.12732373 | E6: =IFERROR(SUMIF('Scenario Minutes'!$B$4:$B$153,$A6,'Scenario Minutes'!$F$4:$F$153)/SUMIF('Scenario Minutes'!$B$4:$B$153,$A6,'Scenario Minutes'!$H$4:$H$153),0) -> 0.061440753 | F6: =IFERROR(SUMIF('Scenario Minutes'!$B$4:$B$153,$A6,'Scenario Minutes'!$G$4:$G$153)/SUMIF('Scenario Minutes'!$B$4:$B$153,$A6,'Scenario Minutes'!$H$4:$H$153),0) -> 0
A7: CHA | B7: =IFERROR(SUMIF('Scenario Minutes'!$B$4:$B$153,$A7,'Scenario Minutes'!$C$4:$C$153)/SUMIF('Scenario Minutes'!$B$4:$B$153,$A7,'Scenario Minutes'!$H$4:$H$153),0) -> 0.27765173 | C7: =IFERROR(SUMIF('Scenario Minutes'!$B$4:$B$153,$A7,'Scenario Minutes'!$D$4:$D$153)/SUMIF('Scenario Minutes'!$B$4:$B$153,$A7,'Scenario Minutes'!$H$4:$H$153),0) -> 0.56905795 | D7: =IFERROR(SUMIF('Scenario Minutes'!$B$4:$B$153,$A7,'Scenario Minutes'!$E$4:$E$153)/SUMIF('Scenario Minutes'!$B$4:$B$153,$A7,'Scenario Minutes'!$H$4:$H$153),0) -> 0.06502812 | E7: =IFERROR(SUMIF('Scenario Minutes'!$B$4:$B$153,$A7,'Scenario Minutes'!$F$4:$F$153)/SUMIF('Scenario Minutes'!$B$4:$B$153,$A7,'Scenario Minutes'!$H$4:$H$153),0) -> 0.088262194 | F7: =IFERROR(SUMIF('Scenario Minutes'!$B$4:$B$153,$A7,'Scenario Minutes'!$G$4:$G$153)/SUMIF('Scenario Minutes'!$B$4:$B$153,$A7,'Scenario Minutes'!$H$4:$H$153),0) -> 0
A8: CHI | B8: =IFERROR(SUMIF('Scenario Minutes'!$B$4:$B$153,$A8,'Scenario Minutes'!$C$4:$C$153)/SUMIF('Scenario Minutes'!$B$4:$B$153,$A8,'Scenario Minutes'!$H$4:$H$153),0) -> 0.41606852 | C8: =IFERROR(SUMIF('Scenario Minutes'!$B$4:$B$153,$A8,'Scenario Minutes'!$D$4:$D$153)/SUMIF('Scenario Minutes'!$B$4:$B$153,$A8,'Scenario Minutes'!$H$4:$H$153),0) -> 0.45696617 | D8: =IFERROR(SUMIF('Scenario Minutes'!$B$4:$B$153,$A8,'Scenario Minutes'!$E$4:$E$153)/SUMIF('Scenario Minutes'!$B$4:$B$153,$A8,'Scenario Minutes'!$H$4:$H$153),0) -> 0.088398041 | E8: =IFERROR(SUMIF('Scenario Minutes'!$B$4:$B$153,$A8,'Scenario Minutes'!$F$4:$F$153)/SUMIF('Scenario Minutes'!$B$4:$B$153,$A8,'Scenario Minutes'!$H$4:$H$153),0) -> 0.038567271 | F8: =IFERROR(SUMIF('Scenario Minutes'!$B$4:$B$153,$A8,'Scenario Minutes'!$G$4:$G$153)/SUMIF('Scenario Minutes'!$B$4:$B$153,$A8,'Scenario Minutes'!$H$4:$H$153),0) -> 0
A9: CLE | B9: =IFERROR(SUMIF('Scenario Minutes'!$B$4:$B$153,$A9,'Scenario Minutes'!$C$4:$C$153)/SUMIF('Scenario Minutes'!$B$4:$B$153,$A9,'Scenario Minutes'!$H$4:$H$153),0) -> 0.30409049 | C9: =IFERROR(SUMIF('Scenario Minutes'!$B$4:$B$153,$A9,'Scenario Minutes'!$D$4:$D$153)/SUMIF('Scenario Minutes'!$B$4:$B$153,$A9,'Scenario Minutes'!$H$4:$H$153),0) -> 0.52120051 | D9: =IFERROR(SUMIF('Scenario Minutes'!$B$4:$B$153,$A9,'Scenario Minutes'!$E$4:$E$153)/SUMIF('Scenario Minutes'!$B$4:$B$153,$A9,'Scenario Minutes'!$H$4:$H$153),0) -> 0.12336681 | E9: =IFERROR(SUMIF('Scenario Minutes'!$B$4:$B$153,$A9,'Scenario Minutes'!$F$4:$F$153)/SUMIF('Scenario Minutes'!$B$4:$B$153,$A9,'Scenario Minutes'!$H$4:$H$153),0) -> 0.051342185 | F9: =IFERROR(SUMIF('Scenario Minutes'!$B$4:$B$153,$A9,'Scenario Minutes'!$G$4:$G$153)/SUMIF('Scenario Minutes'!$B$4:$B$153,$A9,'Scenario Minutes'!$H$4:$H$153),0) -> 0
A10: DAL | B10: =IFERROR(SUMIF('Scenario Minutes'!$B$4:$B$153,$A10,'Scenario Minutes'!$C$4:$C$153)/SUMIF('Scenario Minutes'!$B$4:$B$153,$A10,'Scenario Minutes'!$H$4:$H$153),0) -> 0.35190854 | C10: =IFERROR(SUMIF('Scenario Minutes'!$B$4:$B$153,$A10,'Scenario Minutes'!$D$4:$D$153)/SUMIF('Scenario Minutes'!$B$4:$B$153,$A10,'Scenario Minutes'!$H$4:$H$153),0) -> 0.52100004 | D10: =IFERROR(SUMIF('Scenario Minutes'!$B$4:$B$153,$A10,'Scenario Minutes'!$E$4:$E$153)/SUMIF('Scenario Minutes'!$B$4:$B$153,$A10,'Scenario Minutes'!$H$4:$H$153),0) -> 0.052007557 | E10: =IFERROR(SUMIF('Scenario Minutes'!$B$4:$B$153,$A10,'Scenario Minutes'!$F$4:$F$153)/SUMIF('Scenario Minutes'!$B$4:$B$153,$A10,'Scenario Minutes'!$H$4:$H$153),0) -> 0.075083859 | F10: =IFERROR(SUMIF('Scenario Minutes'!$B$4:$B$153,$A10,'Scenario Minutes'!$G$4:$G$153)/SUMIF('Scenario Minutes'!$B$4:$B$153,$A10,'Scenario Minutes'!$H$4:$H$153),0) -> 0
A11: DEN | B11: =IFERROR(SUMIF('Scenario Minutes'!$B$4:$B$153,$A11,'Scenario Minutes'!$C$4:$C$153)/SUMIF('Scenario Minutes'!$B$4:$B$153,$A11,'Scenario Minutes'!$H$4:$H$153),0) -> 0.20193235 | C11: =IFERROR(SUMIF('Scenario Minutes'!$B$4:$B$153,$A11,'Scenario Minutes'!$D$4:$D$153)/SUMIF('Scenario Minutes'!$B$4:$B$153,$A11,'Scenario Minutes'!$H$4:$H$153),0) -> 0.52307661 | D11: =IFERROR(SUMIF('Scenario Minutes'!$B$4:$B$153,$A11,'Scenario Minutes'!$E$4:$E$153)/SUMIF('Scenario Minutes'!$B$4:$B$153,$A11,'Scenario Minutes'!$H$4:$H$153),0) -> 0.17346202 | E11: =IFERROR(SUMIF('Scenario Minutes'!$B$4:$B$153,$A11,'Scenario Minutes'!$F$4:$F$153)/SUMIF('Scenario Minutes'!$B$4:$B$153,$A11,'Scenario Minutes'!$H$4:$H$153),0) -> 0.10152902 | F11: =IFERROR(SUMIF('Scenario Minutes'!$B$4:$B$153,$A11,'Scenario Minutes'!$G$4:$G$153)/SUMIF('Scenario Minutes'!$B$4:$B$153,$A11,'Scenario Minutes'!$H$4:$H$153),0) -> 0
A12: DET | B12: =IFERROR(SUMIF('Scenario Minutes'!$B$4:$B$153,$A12,'Scenario Minutes'!$C$4:$C$153)/SUMIF('Scenario Minutes'!$B$4:$B$153,$A12,'Scenario Minutes'!$H$4:$H$153),0) -> 0.29758013 | C12: =IFERROR(SUMIF('Scenario Minutes'!$B$4:$B$153,$A12,'Scenario Minutes'!$D$4:$D$153)/SUMIF('Scenario Minutes'!$B$4:$B$153,$A12,'Scenario Minutes'!$H$4:$H$153),0) -> 0.49187228 | D12: =IFERROR(SUMIF('Scenario Minutes'!$B$4:$B$153,$A12,'Scenario Minutes'!$E$4:$E$153)/SUMIF('Scenario Minutes'!$B$4:$B$153,$A12,'Scenario Minutes'!$H$4:$H$153),0) -> 0.12494505 | E12: =IFERROR(SUMIF('Scenario Minutes'!$B$4:$B$153,$A12,'Scenario Minutes'!$F$4:$F$153)/SUMIF('Scenario Minutes'!$B$4:$B$153,$A12,'Scenario Minutes'!$H$4:$H$153),0) -> 0.085602543 | F12: =IFERROR(SUMIF('Scenario Minutes'!$B$4:$B$153,$A12,'Scenario Minutes'!$G$4:$G$153)/SUMIF('Scenario Minutes'!$B$4:$B$153,$A12,'Scenario Minutes'!$H$4:$H$153),0) -> 0
A13: GSW | B13: =IFERROR(SUMIF('Scenario Minutes'!$B$4:$B$153,$A13,'Scenario Minutes'!$C$4:$C$153)/SUMIF('Scenario Minutes'!$B$4:$B$153,$A13,'Scenario Minutes'!$H$4:$H$153),0) -> 0.35831691 | C13: =IFERROR(SUMIF('Scenario Minutes'!$B$4:$B$153,$A13,'Scenario Minutes'!$D$4:$D$153)/SUMIF('Scenario Minutes'!$B$4:$B$153,$A13,'Scenario Minutes'!$H$4:$H$153),0) -> 0.4917766 | D13: =IFERROR(SUMIF('Scenario Minutes'!$B$4:$B$153,$A13,'Scenario Minutes'!$E$4:$E$153)/SUMIF('Scenario Minutes'!$B$4:$B$153,$A13,'Scenario Minutes'!$H$4:$H$153),0) -> 0.04735911 | E13: =IFERROR(SUMIF('Scenario Minutes'!$B$4:$B$153,$A13,'Scenario Minutes'!$F$4:$F$153)/SUMIF('Scenario Minutes'!$B$4:$B$153,$A13,'Scenario Minutes'!$H$4:$H$153),0) -> 0.10254738 | F13: =IFERROR(SUMIF('Scenario Minutes'!$B$4:$B$153,$A13,'Scenario Minutes'!$G$4:$G$153)/SUMIF('Scenario Minutes'!$B$4:$B$153,$A13,'Scenario Minutes'!$H$4:$H$153),0) -> 0
A14: HOU | B14: =IFERROR(SUMIF('Scenario Minutes'!$B$4:$B$153,$A14,'Scenario Minutes'!$C$4:$C$153)/SUMIF('Scenario Minutes'!$B$4:$B$153,$A14,'Scenario Minutes'!$H$4:$H$153),0) -> 0.23520949 | C14: =IFERROR(SUMIF('Scenario Minutes'!$B$4:$B$153,$A14,'Scenario Minutes'!$D$4:$D$153)/SUMIF('Scenario Minutes'!$B$4:$B$153,$A14,'Scenario Minutes'!$H$4:$H$153),0) -> 0.53367491 | D14: =IFERROR(SUMIF('Scenario Minutes'!$B$4:$B$153,$A14,'Scenario Minutes'!$E$4:$E$153)/SUMIF('Scenario Minutes'!$B$4:$B$153,$A14,'Scenario Minutes'!$H$4:$H$153),0) -> 0.16322564 | E14: =IFERROR(SUMIF('Scenario Minutes'!$B$4:$B$153,$A14,'Scenario Minutes'!$F$4:$F$153)/SUMIF('Scenario Minutes'!$B$4:$B$153,$A14,'Scenario Minutes'!$H$4:$H$153),0) -> 0.0613579 | F14: =IFERROR(SUMIF('Scenario Minutes'!$B$4:$B$153,$A14,'Scenario Minutes'!$G$4:$G$153)/SUMIF('Scenario Minutes'!$B$4:$B$153,$A14,'Scenario Minutes'!$H$4:$H$153),0) -> 0.0065320545
A15: IND | B15: =IFERROR(SUMIF('Scenario Minutes'!$B$4:$B$153,$A15,'Scenario Minutes'!$C$4:$C$153)/SUMIF('Scenario Minutes'!$B$4:$B$153,$A15,'Scenario Minutes'!$H$4:$H$153),0) -> 0.30513896 | C15: =IFERROR(SUMIF('Scenario Minutes'!$B$4:$B$153,$A15,'Scenario Minutes'!$D$4:$D$153)/SUMIF('Scenario Minutes'!$B$4:$B$153,$A15,'Scenario Minutes'!$H$4:$H$153),0) -> 0.49707428 | D15: =IFERROR(SUMIF('Scenario Minutes'!$B$4:$B$153,$A15,'Scenario Minutes'!$E$4:$E$153)/SUMIF('Scenario Minutes'!$B$4:$B$153,$A15,'Scenario Minutes'!$H$4:$H$153),0) -> 0.091879737 | E15: =IFERROR(SUMIF('Scenario Minutes'!$B$4:$B$153,$A15,'Scenario Minutes'!$F$4:$F$153)/SUMIF('Scenario Minutes'!$B$4:$B$153,$A15,'Scenario Minutes'!$H$4:$H$153),0) -> 0.10590702 | F15: =IFERROR(SUMIF('Scenario Minutes'!$B$4:$B$153,$A15,'Scenario Minutes'!$G$4:$G$153)/SUMIF('Scenario Minutes'!$B$4:$B$153,$A15,'Scenario Minutes'!$H$4:$H$153),0) -> 0
... A33: WAS | B33: =IFERROR(SUMIF('Scenario Minutes'!$B$4:$B$153,$A33,'Scenario Minutes'!$C$4:$C$153)/SUMIF('Scenario Minutes'!$B$4:$B$153,$A33,'Scenario Minutes'!$H$4:$H$153),0) -> 0.28420547 | C33: =IFERROR(SUMIF('Scenario Minutes'!$B$4:$B$153,$A33,'Scenario Minutes'!$D$4:$D$153)/SUMIF('Scenario Minutes'!$B$4:$B$153,$A33,'Scenario Minutes'!$H$4:$H$153),0) -> 0.52243421 | D33: =IFERROR(SUMIF('Scenario Minutes'!$B$4:$B$153,$A33,'Scenario Minutes'!$E$4:$E$153)/SUMIF('Scenario Minutes'!$B$4:$B$153,$A33,'Scenario Minutes'!$H$4:$H$153),0) -> 0.10683704 | E33: =IFERROR(SUMIF('Scenario Minutes'!$B$4:$B$153,$A33,'Scenario Minutes'!$F$4:$F$153)/SUMIF('Scenario Minutes'!$B$4:$B$153,$A33,'Scenario Minutes'!$H$4:$H$153),0) -> 0.086523279 | F33: =IFERROR(SUMIF('Scenario Minutes'!$B$4:$B$153,$A33,'Scenario Minutes'!$G$4:$G$153)/SUMIF('Scenario Minutes'!$B$4:$B$153,$A33,'Scenario Minutes'!$H$4:$H$153),0) -> 0

Sheet Start-Class % (team-season)
A1: Starting-Class % of Minutes — by team-season
A2: Share of each team-seasons minutes by starting class. Cells are formulas over "Start-Class Minutes".
A4: Season | B4: Team | C4: 5+0 | D4: 4+1 SB | E4: 4+1 DB | F4: 3+2 SB+SB | G4: 3+2 DB+SB | H4: 3+2 DB+DB | I4: 3+2 Other | J4: <=2
A5: 2021-22 | B5: ATL | C5: =IFERROR('Start-Class Minutes'!C4/'Start-Class Minutes'!$K4,0) -> 0.13397615 | D5: =IFERROR('Start-Class Minutes'!D4/'Start-Class Minutes'!$K4,0) -> 0.51281401 | E5: =IFERROR('Start-Class Minutes'!E4/'Start-Class Minutes'!$K4,0) -> 0.18269475 | F5: =IFERROR('Start-Class Minutes'!F4/'Start-Class Minutes'!$K4,0) -> 0.0243593 | G5: =IFERROR('Start-Class Minutes'!G4/'Start-Class Minutes'!$K4,0) -> 0.03653895 | H5: =IFERROR('Start-Class Minutes'!H4/'Start-Class Minutes'!$K4,0) -> 0.01217965 | I5: =IFERROR('Start-Class Minutes'!I4/'Start-Class Minutes'!$K4,0) -> 0 | J5: =IFERROR('Start-Class Minutes'!J4/'Start-Class Minutes'!$K4,0) -> 0.097437199
A6: 2022-23 | B6: ATL | C6: =IFERROR('Start-Class Minutes'!C5/'Start-Class Minutes'!$K5,0) -> 0.51145807 | D6: =IFERROR('Start-Class Minutes'!D5/'Start-Class Minutes'!$K5,0) -> 0.29388063 | E6: =IFERROR('Start-Class Minutes'!E5/'Start-Class Minutes'!$K5,0) -> 0.024175271 | F6: =IFERROR('Start-Class Minutes'!F5/'Start-Class Minutes'!$K5,0) -> 0.072525812 | G6: =IFERROR('Start-Class Minutes'!G5/'Start-Class Minutes'!$K5,0) -> 0.012087635 | H6: =IFERROR('Start-Class Minutes'!H5/'Start-Class Minutes'!$K5,0) -> 0 | I6: =IFERROR('Start-Class Minutes'!I5/'Start-Class Minutes'!$K5,0) -> 0.013346764 | J6: =IFERROR('Start-Class Minutes'!J5/'Start-Class Minutes'!$K5,0) -> 0.072525812
A7: 2023-24 | B7: ATL | C7: =IFERROR('Start-Class Minutes'!C6/'Start-Class Minutes'!$K6,0) -> 0.43767313 | D7: =IFERROR('Start-Class Minutes'!D6/'Start-Class Minutes'!$K6,0) -> 0.281793 | E7: =IFERROR('Start-Class Minutes'!E6/'Start-Class Minutes'!$K6,0) -> 0.073784941 | F7: =IFERROR('Start-Class Minutes'!F6/'Start-Class Minutes'!$K6,0) -> 0.024175271 | G7: =IFERROR('Start-Class Minutes'!G6/'Start-Class Minutes'!$K6,0) -> 0.14631075 | H7: =IFERROR('Start-Class Minutes'!H6/'Start-Class Minutes'!$K6,0) -> 0.012087635 | I7: =IFERROR('Start-Class Minutes'!I6/'Start-Class Minutes'!$K6,0) -> 0 | J7: =IFERROR('Start-Class Minutes'!J6/'Start-Class Minutes'!$K6,0) -> 0.024175271
A8: 2024-25 | B8: ATL | C8: =IFERROR('Start-Class Minutes'!C7/'Start-Class Minutes'!$K7,0) -> 0.29373104 | D8: =IFERROR('Start-Class Minutes'!D7/'Start-Class Minutes'!$K7,0) -> 0.12259858 | E8: =IFERROR('Start-Class Minutes'!E7/'Start-Class Minutes'!$K7,0) -> 0.072800809 | F8: =IFERROR('Start-Class Minutes'!F7/'Start-Class Minutes'!$K7,0) -> 0.097067745 | G8: =IFERROR('Start-Class Minutes'!G7/'Start-Class Minutes'!$K7,0) -> 0.34100101 | H8: =IFERROR('Start-Class Minutes'!H7/'Start-Class Minutes'!$K7,0) -> 0 | I8: =IFERROR('Start-Class Minutes'!I7/'Start-Class Minutes'!$K7,0) -> 0 | J8: =IFERROR('Start-Class Minutes'!J7/'Start-Class Minutes'!$K7,0) -> 0.072800809
A9: 2025-26 | B9: ATL | C9: =IFERROR('Start-Class Minutes'!C8/'Start-Class Minutes'!$K8,0) -> 0.5261959 | D9: =IFERROR('Start-Class Minutes'!D8/'Start-Class Minutes'!$K8,0) -> 0.38876234 | E9: =IFERROR('Start-Class Minutes'!E8/'Start-Class Minutes'!$K8,0) -> 0.024297646 | F9: =IFERROR('Start-Class Minutes'!F8/'Start-Class Minutes'!$K8,0) -> 0.012148823 | G9: =IFERROR('Start-Class Minutes'!G8/'Start-Class Minutes'!$K8,0) -> 0.024297646 | H9: =IFERROR('Start-Class Minutes'!H8/'Start-Class Minutes'!$K8,0) -> 0 | I9: =IFERROR('Start-Class Minutes'!I8/'Start-Class Minutes'!$K8,0) -> 0 | J9: =IFERROR('Start-Class Minutes'!J8/'Start-Class Minutes'!$K8,0) -> 0.024297646
A10: 2021-22 | B10: BKN | C10: =IFERROR('Start-Class Minutes'!C9/'Start-Class Minutes'!$K9,0) -> 0.012148823 | D10: =IFERROR('Start-Class Minutes'!D9/'Start-Class Minutes'!$K9,0) -> 0.048595292 | E10: =IFERROR('Start-Class Minutes'!E9/'Start-Class Minutes'!$K9,0) -> 0.30498608 | F10: =IFERROR('Start-Class Minutes'!F9/'Start-Class Minutes'!$K9,0) -> 0.13363705 | G10: =IFERROR('Start-Class Minutes'!G9/'Start-Class Minutes'!$K9,0) -> 0.1579347 | H10: =IFERROR('Start-Class Minutes'!H9/'Start-Class Minutes'!$K9,0) -> 0.10933941 | I10: =IFERROR('Start-Class Minutes'!I9/'Start-Class Minutes'!$K9,0) -> 0.037711972 | J10: =IFERROR('Start-Class Minutes'!J9/'Start-Class Minutes'!$K9,0) -> 0.19564667
A11: 2022-23 | B11: BKN | C11: =IFERROR('Start-Class Minutes'!C10/'Start-Class Minutes'!$K10,0) -> 0.30537253 | D11: =IFERROR('Start-Class Minutes'!D10/'Start-Class Minutes'!$K10,0) -> 0.012164217 | E11: =IFERROR('Start-Class Minutes'!E10/'Start-Class Minutes'!$K10,0) -> 0.24455144 | F11: =IFERROR('Start-Class Minutes'!F10/'Start-Class Minutes'!$K10,0) -> 0.012164217 | G11: =IFERROR('Start-Class Minutes'!G10/'Start-Class Minutes'!$K10,0) -> 0.30410542 | H11: =IFERROR('Start-Class Minutes'!H10/'Start-Class Minutes'!$K10,0) -> 0.012164217 | I11: =IFERROR('Start-Class Minutes'!I10/'Start-Class Minutes'!$K10,0) -> 0 | J11: =IFERROR('Start-Class Minutes'!J10/'Start-Class Minutes'!$K10,0) -> 0.10947795
A12: 2023-24 | B12: BKN | C12: =IFERROR('Start-Class Minutes'!C11/'Start-Class Minutes'!$K11,0) -> 0.84246402 | D12: =IFERROR('Start-Class Minutes'!D11/'Start-Class Minutes'!$K11,0) -> 0.072708912 | E12: =IFERROR('Start-Class Minutes'!E11/'Start-Class Minutes'!$K11,0) -> 0.036354456 | F12: =IFERROR('Start-Class Minutes'!F11/'Start-Class Minutes'!$K11,0) -> 0 | G12: =IFERROR('Start-Class Minutes'!G11/'Start-Class Minutes'!$K11,0) -> 0 | H12: =IFERROR('Start-Class Minutes'!H11/'Start-Class Minutes'!$K11,0) -> 0.036354456 | I12: =IFERROR('Start-Class Minutes'!I11/'Start-Class Minutes'!$K11,0) -> 0 | J12: =IFERROR('Start-Class Minutes'!J11/'Start-Class Minutes'!$K11,0) -> 0.012118152
A13: 2024-25 | B13: BKN | C13: =IFERROR('Start-Class Minutes'!C12/'Start-Class Minutes'!$K12,0) -> 0.40166835 | D13: =IFERROR('Start-Class Minutes'!D12/'Start-Class Minutes'!$K12,0) -> 0.30712841 | E13: =IFERROR('Start-Class Minutes'!E12/'Start-Class Minutes'!$K12,0) -> 0.060667341 | F13: =IFERROR('Start-Class Minutes'!F12/'Start-Class Minutes'!$K12,0) -> 0.036400404 | G13: =IFERROR('Start-Class Minutes'!G12/'Start-Class Minutes'!$K12,0) -> 0.12133468 | H13: =IFERROR('Start-Class Minutes'!H12/'Start-Class Minutes'!$K12,0) -> 0 | I13: =IFERROR('Start-Class Minutes'!I12/'Start-Class Minutes'!$K12,0) -> 0.012133468 | J13: =IFERROR('Start-Class Minutes'!J12/'Start-Class Minutes'!$K12,0) -> 0.060667341
A14: 2025-26 | B14: BKN | C14: =IFERROR('Start-Class Minutes'!C13/'Start-Class Minutes'!$K13,0) -> 0 | D14: =IFERROR('Start-Class Minutes'!D13/'Start-Class Minutes'!$K13,0) -> 0.036446469 | E14: =IFERROR('Start-Class Minutes'!E13/'Start-Class Minutes'!$K13,0) -> 0.036446469 | F14: =IFERROR('Start-Class Minutes'!F13/'Start-Class Minutes'!$K13,0) -> 0 | G14: =IFERROR('Start-Class Minutes'!G13/'Start-Class Minutes'!$K13,0) -> 0.17008352 | H14: =IFERROR('Start-Class Minutes'!H13/'Start-Class Minutes'!$K13,0) -> 0 | I14: =IFERROR('Start-Class Minutes'!I13/'Start-Class Minutes'!$K13,0) -> 0 | J14: =IFERROR('Start-Class Minutes'!J13/'Start-Class Minutes'!$K13,0) -> 0.75702354
A15: 2021-22 | B15: BOS | C15: =IFERROR('Start-Class Minutes'!C14/'Start-Class Minutes'!$K14,0) -> 0.41120322 | D15: =IFERROR('Start-Class Minutes'!D14/'Start-Class Minutes'!$K14,0) -> 0.31851294 | E15: =IFERROR('Start-Class Minutes'!E14/'Start-Class Minutes'!$K14,0) -> 0.072343632 | F15: =IFERROR('Start-Class Minutes'!F14/'Start-Class Minutes'!$K14,0) -> 0.16051243 | G15: =IFERROR('Start-Class Minutes'!G14/'Start-Class Minutes'!$K14,0) -> 0.012057272 | H15: =IFERROR('Start-Class Minutes'!H14/'Start-Class Minutes'!$K14,0) -> 0 | I15: =IFERROR('Start-Class Minutes'!I14/'Start-Class Minutes'!$K14,0) -> 0 | J15: =IFERROR('Start-Class Minutes'!J14/'Start-Class Minutes'!$K14,0) -> 0.02537051
A16: 2022-23 | B16: BOS | C16: =IFERROR('Start-Class Minutes'!C15/'Start-Class Minutes'!$K15,0) -> 0.36661662 | D16: =IFERROR('Start-Class Minutes'!D15/'Start-Class Minutes'!$K15,0) -> 0.32932933 | E16: =IFERROR('Start-Class Minutes'!E15/'Start-Class Minutes'!$K15,0) -> 0.10935936 | F16: =IFERROR('Start-Class Minutes'!F15/'Start-Class Minutes'!$K15,0) -> 0.048048048 | G16: =IFERROR('Start-Class Minutes'!G15/'Start-Class Minutes'!$K15,0) -> 0.072072072 | H16: =IFERROR('Start-Class Minutes'!H15/'Start-Class Minutes'!$K15,0) -> 0.013263263 | I16: =IFERROR('Start-Class Minutes'!I15/'Start-Class Minutes'!$K15,0) -> 0 | J16: =IFERROR('Start-Class Minutes'!J15/'Start-Class Minutes'!$K15,0) -> 0.061311311
... A154: 2025-26 | B154: WAS | C154: =IFERROR('Start-Class Minutes'!C153/'Start-Class Minutes'!$K153,0) -> 0.35484687 | D154: =IFERROR('Start-Class Minutes'!D153/'Start-Class Minutes'!$K153,0) -> 0.25639079 | E154: =IFERROR('Start-Class Minutes'!E153/'Start-Class Minutes'!$K153,0) -> 0.072892938 | F154: =IFERROR('Start-Class Minutes'!F153/'Start-Class Minutes'!$K153,0) -> 0.10933941 | G154: =IFERROR('Start-Class Minutes'!G153/'Start-Class Minutes'!$K153,0) -> 0.060744115 | H154: =IFERROR('Start-Class Minutes'!H153/'Start-Class Minutes'!$K153,0) -> 0.012148823 | I154: =IFERROR('Start-Class Minutes'!I153/'Start-Class Minutes'!$K153,0) -> 0 | J154: =IFERROR('Start-Class Minutes'!J153/'Start-Class Minutes'!$K153,0) -> 0.13363705

Sheet Start-Class % (team 5yr)
A1: Starting-Class % of Minutes — franchise 5-year
A3: Team | B3: 5+0 | C3: 4+1 SB | D3: 4+1 DB | E3: 3+2 SB+SB | F3: 3+2 DB+SB | G3: 3+2 DB+DB | H3: 3+2 Other | I3: <=2
A4: ATL | B4: =IFERROR(SUMIF('Start-Class Minutes'!$B$4:$B$153,$A4,'Start-Class Minutes'!$C$4:$C$153)/SUMIF('Start-Class Minutes'!$B$4:$B$153,$A4,'Start-Class Minutes'!$K$4:$K$153),0) -> 0.38089944 | C4: =IFERROR(SUMIF('Start-Class Minutes'!$B$4:$B$153,$A4,'Start-Class Minutes'!$D$4:$D$153)/SUMIF('Start-Class Minutes'!$B$4:$B$153,$A4,'Start-Class Minutes'!$K$4:$K$153),0) -> 0.31975745 | D4: =IFERROR(SUMIF('Start-Class Minutes'!$B$4:$B$153,$A4,'Start-Class Minutes'!$E$4:$E$153)/SUMIF('Start-Class Minutes'!$B$4:$B$153,$A4,'Start-Class Minutes'!$K$4:$K$153),0) -> 0.075442142 | E4: =IFERROR(SUMIF('Start-Class Minutes'!$B$4:$B$153,$A4,'Start-Class Minutes'!$F$4:$F$153)/SUMIF('Start-Class Minutes'!$B$4:$B$153,$A4,'Start-Class Minutes'!$K$4:$K$153),0) -> 0.046083881 | F4: =IFERROR(SUMIF('Start-Class Minutes'!$B$4:$B$153,$A4,'Start-Class Minutes'!$G$4:$G$153)/SUMIF('Start-Class Minutes'!$B$4:$B$153,$A4,'Start-Class Minutes'!$K$4:$K$153),0) -> 0.11207681 | G4: =IFERROR(SUMIF('Start-Class Minutes'!$B$4:$B$153,$A4,'Start-Class Minutes'!$H$4:$H$153)/SUMIF('Start-Class Minutes'!$B$4:$B$153,$A4,'Start-Class Minutes'!$K$4:$K$153),0) -> 0.0048509348 | H4: =IFERROR(SUMIF('Start-Class Minutes'!$B$4:$B$153,$A4,'Start-Class Minutes'!$I$4:$I$153)/SUMIF('Start-Class Minutes'!$B$4:$B$153,$A4,'Start-Class Minutes'!$K$4:$K$153),0) -> 0.0026781203 | I4: =IFERROR(SUMIF('Start-Class Minutes'!$B$4:$B$153,$A4,'Start-Class Minutes'!$J$4:$J$153)/SUMIF('Start-Class Minutes'!$B$4:$B$153,$A4,'Start-Class Minutes'!$K$4:$K$153),0) -> 0.058211218
A5: BKN | B5: =IFERROR(SUMIF('Start-Class Minutes'!$B$4:$B$153,$A5,'Start-Class Minutes'!$C$4:$C$153)/SUMIF('Start-Class Minutes'!$B$4:$B$153,$A5,'Start-Class Minutes'!$K$4:$K$153),0) -> 0.31262332 | C5: =IFERROR(SUMIF('Start-Class Minutes'!$B$4:$B$153,$A5,'Start-Class Minutes'!$D$4:$D$153)/SUMIF('Start-Class Minutes'!$B$4:$B$153,$A5,'Start-Class Minutes'!$K$4:$K$153),0) -> 0.095471794 | D5: =IFERROR(SUMIF('Start-Class Minutes'!$B$4:$B$153,$A5,'Start-Class Minutes'!$E$4:$E$153)/SUMIF('Start-Class Minutes'!$B$4:$B$153,$A5,'Start-Class Minutes'!$K$4:$K$153),0) -> 0.13650392 | E5: =IFERROR(SUMIF('Start-Class Minutes'!$B$4:$B$153,$A5,'Start-Class Minutes'!$F$4:$F$153)/SUMIF('Start-Class Minutes'!$B$4:$B$153,$A5,'Start-Class Minutes'!$K$4:$K$153),0) -> 0.036428029 | F5: =IFERROR(SUMIF('Start-Class Minutes'!$B$4:$B$153,$A5,'Start-Class Minutes'!$G$4:$G$153)/SUMIF('Start-Class Minutes'!$B$4:$B$153,$A5,'Start-Class Minutes'!$K$4:$K$153),0) -> 0.15056919 | G5: =IFERROR(SUMIF('Start-Class Minutes'!$B$4:$B$153,$A5,'Start-Class Minutes'!$H$4:$H$153)/SUMIF('Start-Class Minutes'!$B$4:$B$153,$A5,'Start-Class Minutes'!$K$4:$K$153),0) -> 0.031570959 | H5: =IFERROR(SUMIF('Start-Class Minutes'!$B$4:$B$153,$A5,'Start-Class Minutes'!$I$4:$I$153)/SUMIF('Start-Class Minutes'!$B$4:$B$153,$A5,'Start-Class Minutes'!$K$4:$K$153),0) -> 0.0099671136 | I5: =IFERROR(SUMIF('Start-Class Minutes'!$B$4:$B$153,$A5,'Start-Class Minutes'!$J$4:$J$153)/SUMIF('Start-Class Minutes'!$B$4:$B$153,$A5,'Start-Class Minutes'!$K$4:$K$153),0) -> 0.22686567
A6: BOS | B6: =IFERROR(SUMIF('Start-Class Minutes'!$B$4:$B$153,$A6,'Start-Class Minutes'!$C$4:$C$153)/SUMIF('Start-Class Minutes'!$B$4:$B$153,$A6,'Start-Class Minutes'!$K$4:$K$153),0) -> 0.38423571 | C6: =IFERROR(SUMIF('Start-Class Minutes'!$B$4:$B$153,$A6,'Start-Class Minutes'!$D$4:$D$153)/SUMIF('Start-Class Minutes'!$B$4:$B$153,$A6,'Start-Class Minutes'!$K$4:$K$153),0) -> 0.36424075 | D6: =IFERROR(SUMIF('Start-Class Minutes'!$B$4:$B$153,$A6,'Start-Class Minutes'!$E$4:$E$153)/SUMIF('Start-Class Minutes'!$B$4:$B$153,$A6,'Start-Class Minutes'!$K$4:$K$153),0) -> 0.087786452 | E6: =IFERROR(SUMIF('Start-Class Minutes'!$B$4:$B$153,$A6,'Start-Class Minutes'!$F$4:$F$153)/SUMIF('Start-Class Minutes'!$B$4:$B$153,$A6,'Start-Class Minutes'!$K$4:$K$153),0) -> 0.08562075 | F6: =IFERROR(SUMIF('Start-Class Minutes'!$B$4:$B$153,$A6,'Start-Class Minutes'!$G$4:$G$153)/SUMIF('Start-Class Minutes'!$B$4:$B$153,$A6,'Start-Class Minutes'!$K$4:$K$153),0) -> 0.029010325 | G6: =IFERROR(SUMIF('Start-Class Minutes'!$B$4:$B$153,$A6,'Start-Class Minutes'!$H$4:$H$153)/SUMIF('Start-Class Minutes'!$B$4:$B$153,$A6,'Start-Class Minutes'!$K$4:$K$153),0) -> 0.0026693528 | H6: =IFERROR(SUMIF('Start-Class Minutes'!$B$4:$B$153,$A6,'Start-Class Minutes'!$I$4:$I$153)/SUMIF('Start-Class Minutes'!$B$4:$B$153,$A6,'Start-Class Minutes'!$K$4:$K$153),0) -> 0.0024175271 | I6: =IFERROR(SUMIF('Start-Class Minutes'!$B$4:$B$153,$A6,'Start-Class Minutes'!$J$4:$J$153)/SUMIF('Start-Class Minutes'!$B$4:$B$153,$A6,'Start-Class Minutes'!$K$4:$K$153),0) -> 0.044019139
A7: CHA | B7: =IFERROR(SUMIF('Start-Class Minutes'!$B$4:$B$153,$A7,'Start-Class Minutes'!$C$4:$C$153)/SUMIF('Start-Class Minutes'!$B$4:$B$153,$A7,'Start-Class Minutes'!$K$4:$K$153),0) -> 0.23143002 | C7: =IFERROR(SUMIF('Start-Class Minutes'!$B$4:$B$153,$A7,'Start-Class Minutes'!$D$4:$D$153)/SUMIF('Start-Class Minutes'!$B$4:$B$153,$A7,'Start-Class Minutes'!$K$4:$K$153),0) -> 0.31349166 | D7: =IFERROR(SUMIF('Start-Class Minutes'!$B$4:$B$153,$A7,'Start-Class Minutes'!$E$4:$E$153)/SUMIF('Start-Class Minutes'!$B$4:$B$153,$A7,'Start-Class Minutes'!$K$4:$K$153),0) -> 0.043658413 | E7: =IFERROR(SUMIF('Start-Class Minutes'!$B$4:$B$153,$A7,'Start-Class Minutes'!$F$4:$F$153)/SUMIF('Start-Class Minutes'!$B$4:$B$153,$A7,'Start-Class Minutes'!$K$4:$K$153),0) -> 0.16083881 | F7: =IFERROR(SUMIF('Start-Class Minutes'!$B$4:$B$153,$A7,'Start-Class Minutes'!$G$4:$G$153)/SUMIF('Start-Class Minutes'!$B$4:$B$153,$A7,'Start-Class Minutes'!$K$4:$K$153),0) -> 0.041232946 | G7: =IFERROR(SUMIF('Start-Class Minutes'!$B$4:$B$153,$A7,'Start-Class Minutes'!$H$4:$H$153)/SUMIF('Start-Class Minutes'!$B$4:$B$153,$A7,'Start-Class Minutes'!$K$4:$K$153),0) -> 0.024507327 | H7: =IFERROR(SUMIF('Start-Class Minutes'!$B$4:$B$153,$A7,'Start-Class Minutes'!$I$4:$I$153)/SUMIF('Start-Class Minutes'!$B$4:$B$153,$A7,'Start-Class Minutes'!$K$4:$K$153),0) -> 0.0097018696 | I7: =IFERROR(SUMIF('Start-Class Minutes'!$B$4:$B$153,$A7,'Start-Class Minutes'!$J$4:$J$153)/SUMIF('Start-Class Minutes'!$B$4:$B$153,$A7,'Start-Class Minutes'!$K$4:$K$153),0) -> 0.17513896
A8: CHI | B8: =IFERROR(SUMIF('Start-Class Minutes'!$B$4:$B$153,$A8,'Start-Class Minutes'!$C$4:$C$153)/SUMIF('Start-Class Minutes'!$B$4:$B$153,$A8,'Start-Class Minutes'!$K$4:$K$153),0) -> 0.27076923 | C8: =IFERROR(SUMIF('Start-Class Minutes'!$B$4:$B$153,$A8,'Start-Class Minutes'!$D$4:$D$153)/SUMIF('Start-Class Minutes'!$B$4:$B$153,$A8,'Start-Class Minutes'!$K$4:$K$153),0) -> 0.42940731 | D8: =IFERROR(SUMIF('Start-Class Minutes'!$B$4:$B$153,$A8,'Start-Class Minutes'!$E$4:$E$153)/SUMIF('Start-Class Minutes'!$B$4:$B$153,$A8,'Start-Class Minutes'!$K$4:$K$153),0) -> 0.017200504 | E8: =IFERROR(SUMIF('Start-Class Minutes'!$B$4:$B$153,$A8,'Start-Class Minutes'!$F$4:$F$153)/SUMIF('Start-Class Minutes'!$B$4:$B$153,$A8,'Start-Class Minutes'!$K$4:$K$153),0) -> 0.18794451 | F8: =IFERROR(SUMIF('Start-Class Minutes'!$B$4:$B$153,$A8,'Start-Class Minutes'!$G$4:$G$153)/SUMIF('Start-Class Minutes'!$B$4:$B$153,$A8,'Start-Class Minutes'!$K$4:$K$153),0) -> 0.033896595 | G8: =IFERROR(SUMIF('Start-Class Minutes'!$B$4:$B$153,$A8,'Start-Class Minutes'!$H$4:$H$153)/SUMIF('Start-Class Minutes'!$B$4:$B$153,$A8,'Start-Class Minutes'!$K$4:$K$153),0) -> 0 | H8: =IFERROR(SUMIF('Start-Class Minutes'!$B$4:$B$153,$A8,'Start-Class Minutes'!$I$4:$I$153)/SUMIF('Start-Class Minutes'!$B$4:$B$153,$A8,'Start-Class Minutes'!$K$4:$K$153),0) -> 0 | I8: =IFERROR(SUMIF('Start-Class Minutes'!$B$4:$B$153,$A8,'Start-Class Minutes'!$J$4:$J$153)/SUMIF('Start-Class Minutes'!$B$4:$B$153,$A8,'Start-Class Minutes'!$K$4:$K$153),0) -> 0.060781841
A9: CLE | B9: =IFERROR(SUMIF('Start-Class Minutes'!$B$4:$B$153,$A9,'Start-Class Minutes'!$C$4:$C$153)/SUMIF('Start-Class Minutes'!$B$4:$B$153,$A9,'Start-Class Minutes'!$K$4:$K$153),0) -> 0.42365428 | C9: =IFERROR(SUMIF('Start-Class Minutes'!$B$4:$B$153,$A9,'Start-Class Minutes'!$D$4:$D$153)/SUMIF('Start-Class Minutes'!$B$4:$B$153,$A9,'Start-Class Minutes'!$K$4:$K$153),0) -> 0.36133434 | D9: =IFERROR(SUMIF('Start-Class Minutes'!$B$4:$B$153,$A9,'Start-Class Minutes'!$E$4:$E$153)/SUMIF('Start-Class Minutes'!$B$4:$B$153,$A9,'Start-Class Minutes'!$K$4:$K$153),0) -> 0.063583523 | E9: =IFERROR(SUMIF('Start-Class Minutes'!$B$4:$B$153,$A9,'Start-Class Minutes'!$F$4:$F$153)/SUMIF('Start-Class Minutes'!$B$4:$B$153,$A9,'Start-Class Minutes'!$K$4:$K$153),0) -> 0.056052565 | F9: =IFERROR(SUMIF('Start-Class Minutes'!$B$4:$B$153,$A9,'Start-Class Minutes'!$G$4:$G$153)/SUMIF('Start-Class Minutes'!$B$4:$B$153,$A9,'Start-Class Minutes'!$K$4:$K$153),0) -> 0.058225929 | G9: =IFERROR(SUMIF('Start-Class Minutes'!$B$4:$B$153,$A9,'Start-Class Minutes'!$H$4:$H$153)/SUMIF('Start-Class Minutes'!$B$4:$B$153,$A9,'Start-Class Minutes'!$K$4:$K$153),0) -> 0.0024260804 | H9: =IFERROR(SUMIF('Start-Class Minutes'!$B$4:$B$153,$A9,'Start-Class Minutes'!$I$4:$I$153)/SUMIF('Start-Class Minutes'!$B$4:$B$153,$A9,'Start-Class Minutes'!$K$4:$K$153),0) -> 0.0024260804 | I9: =IFERROR(SUMIF('Start-Class Minutes'!$B$4:$B$153,$A9,'Start-Class Minutes'!$J$4:$J$153)/SUMIF('Start-Class Minutes'!$B$4:$B$153,$A9,'Start-Class Minutes'!$K$4:$K$153),0) -> 0.032297195
A10: DAL | B10: =IFERROR(SUMIF('Start-Class Minutes'!$B$4:$B$153,$A10,'Start-Class Minutes'!$C$4:$C$153)/SUMIF('Start-Class Minutes'!$B$4:$B$153,$A10,'Start-Class Minutes'!$K$4:$K$153),0) -> 0.18095479 | C10: =IFERROR(SUMIF('Start-Class Minutes'!$B$4:$B$153,$A10,'Start-Class Minutes'!$D$4:$D$153)/SUMIF('Start-Class Minutes'!$B$4:$B$153,$A10,'Start-Class Minutes'!$K$4:$K$153),0) -> 0.40020207 | D10: =IFERROR(SUMIF('Start-Class Minutes'!$B$4:$B$153,$A10,'Start-Class Minutes'!$E$4:$E$153)/SUMIF('Start-Class Minutes'!$B$4:$B$153,$A10,'Start-Class Minutes'!$K$4:$K$153),0) -> 0.090477393 | E10: =IFERROR(SUMIF('Start-Class Minutes'!$B$4:$B$153,$A10,'Start-Class Minutes'!$F$4:$F$153)/SUMIF('Start-Class Minutes'!$B$4:$B$153,$A10,'Start-Class Minutes'!$K$4:$K$153),0) -> 0.160293 | F10: =IFERROR(SUMIF('Start-Class Minutes'!$B$4:$B$153,$A10,'Start-Class Minutes'!$G$4:$G$153)/SUMIF('Start-Class Minutes'!$B$4:$B$153,$A10,'Start-Class Minutes'!$K$4:$K$153),0) -> 0.056276838 | G10: =IFERROR(SUMIF('Start-Class Minutes'!$B$4:$B$153,$A10,'Start-Class Minutes'!$H$4:$H$153)/SUMIF('Start-Class Minutes'!$B$4:$B$153,$A10,'Start-Class Minutes'!$K$4:$K$153),0) -> 0.0072745643 | H10: =IFERROR(SUMIF('Start-Class Minutes'!$B$4:$B$153,$A10,'Start-Class Minutes'!$I$4:$I$153)/SUMIF('Start-Class Minutes'!$B$4:$B$153,$A10,'Start-Class Minutes'!$K$4:$K$153),0) -> 0.0048497095 | I10: =IFERROR(SUMIF('Start-Class Minutes'!$B$4:$B$153,$A10,'Start-Class Minutes'!$J$4:$J$153)/SUMIF('Start-Class Minutes'!$B$4:$B$153,$A10,'Start-Class Minutes'!$K$4:$K$153),0) -> 0.099671634
A11: DEN | B11: =IFERROR(SUMIF('Start-Class Minutes'!$B$4:$B$153,$A11,'Start-Class Minutes'!$C$4:$C$153)/SUMIF('Start-Class Minutes'!$B$4:$B$153,$A11,'Start-Class Minutes'!$K$4:$K$153),0) -> 0.45446744 | C11: =IFERROR(SUMIF('Start-Class Minutes'!$B$4:$B$153,$A11,'Start-Class Minutes'!$D$4:$D$153)/SUMIF('Start-Class Minutes'!$B$4:$B$153,$A11,'Start-Class Minutes'!$K$4:$K$153),0) -> 0.28934881 | D11: =IFERROR(SUMIF('Start-Class Minutes'!$B$4:$B$153,$A11,'Start-Class Minutes'!$E$4:$E$153)/SUMIF('Start-Class Minutes'!$B$4:$B$153,$A11,'Start-Class Minutes'!$K$4:$K$153),0) -> 0.082635033 | E11: =IFERROR(SUMIF('Start-Class Minutes'!$B$4:$B$153,$A11,'Start-Class Minutes'!$F$4:$F$153)/SUMIF('Start-Class Minutes'!$B$4:$B$153,$A11,'Start-Class Minutes'!$K$4:$K$153),0) -> 0.029328622 | F11: =IFERROR(SUMIF('Start-Class Minutes'!$B$4:$B$153,$A11,'Start-Class Minutes'!$G$4:$G$153)/SUMIF('Start-Class Minutes'!$B$4:$B$153,$A11,'Start-Class Minutes'!$K$4:$K$153),0) -> 0.073447754 | G11: =IFERROR(SUMIF('Start-Class Minutes'!$B$4:$B$153,$A11,'Start-Class Minutes'!$H$4:$H$153)/SUMIF('Start-Class Minutes'!$B$4:$B$153,$A11,'Start-Class Minutes'!$K$4:$K$153),0) -> 0.0024230187 | H11: =IFERROR(SUMIF('Start-Class Minutes'!$B$4:$B$153,$A11,'Start-Class Minutes'!$I$4:$I$153)/SUMIF('Start-Class Minutes'!$B$4:$B$153,$A11,'Start-Class Minutes'!$K$4:$K$153),0) -> 0.014538112 | I11: =IFERROR(SUMIF('Start-Class Minutes'!$B$4:$B$153,$A11,'Start-Class Minutes'!$J$4:$J$153)/SUMIF('Start-Class Minutes'!$B$4:$B$153,$A11,'Start-Class Minutes'!$K$4:$K$153),0) -> 0.053811206
A12: DET | B12: =IFERROR(SUMIF('Start-Class Minutes'!$B$4:$B$153,$A12,'Start-Class Minutes'!$C$4:$C$153)/SUMIF('Start-Class Minutes'!$B$4:$B$153,$A12,'Start-Class Minutes'!$K$4:$K$153),0) -> 0.38984336 | C12: =IFERROR(SUMIF('Start-Class Minutes'!$B$4:$B$153,$A12,'Start-Class Minutes'!$D$4:$D$153)/SUMIF('Start-Class Minutes'!$B$4:$B$153,$A12,'Start-Class Minutes'!$K$4:$K$153),0) -> 0.32460839 | D12: =IFERROR(SUMIF('Start-Class Minutes'!$B$4:$B$153,$A12,'Start-Class Minutes'!$E$4:$E$153)/SUMIF('Start-Class Minutes'!$B$4:$B$153,$A12,'Start-Class Minutes'!$K$4:$K$153),0) -> 0.10237494 | E12: =IFERROR(SUMIF('Start-Class Minutes'!$B$4:$B$153,$A12,'Start-Class Minutes'!$F$4:$F$153)/SUMIF('Start-Class Minutes'!$B$4:$B$153,$A12,'Start-Class Minutes'!$K$4:$K$153),0) -> 0.061141991 | F12: =IFERROR(SUMIF('Start-Class Minutes'!$B$4:$B$153,$A12,'Start-Class Minutes'!$G$4:$G$153)/SUMIF('Start-Class Minutes'!$B$4:$B$153,$A12,'Start-Class Minutes'!$K$4:$K$153),0) -> 0.026932794 | G12: =IFERROR(SUMIF('Start-Class Minutes'!$B$4:$B$153,$A12,'Start-Class Minutes'!$H$4:$H$153)/SUMIF('Start-Class Minutes'!$B$4:$B$153,$A12,'Start-Class Minutes'!$K$4:$K$153),0) -> 0.0072764022 | H12: =IFERROR(SUMIF('Start-Class Minutes'!$B$4:$B$153,$A12,'Start-Class Minutes'!$I$4:$I$153)/SUMIF('Start-Class Minutes'!$B$4:$B$153,$A12,'Start-Class Minutes'!$K$4:$K$153),0) -> 0.012127337 | I12: =IFERROR(SUMIF('Start-Class Minutes'!$B$4:$B$153,$A12,'Start-Class Minutes'!$J$4:$J$153)/SUMIF('Start-Class Minutes'!$B$4:$B$153,$A12,'Start-Class Minutes'!$K$4:$K$153),0) -> 0.075694795
A13: GSW | B13: =IFERROR(SUMIF('Start-Class Minutes'!$B$4:$B$153,$A13,'Start-Class Minutes'!$C$4:$C$153)/SUMIF('Start-Class Minutes'!$B$4:$B$153,$A13,'Start-Class Minutes'!$K$4:$K$153),0) -> 0.15895881 | C13: =IFERROR(SUMIF('Start-Class Minutes'!$B$4:$B$153,$A13,'Start-Class Minutes'!$D$4:$D$153)/SUMIF('Start-Class Minutes'!$B$4:$B$153,$A13,'Start-Class Minutes'!$K$4:$K$153),0) -> 0.2732373 | D13: =IFERROR(SUMIF('Start-Class Minutes'!$B$4:$B$153,$A13,'Start-Class Minutes'!$E$4:$E$153)/SUMIF('Start-Class Minutes'!$B$4:$B$153,$A13,'Start-Class Minutes'!$K$4:$K$153),0) -> 0.033965125 | E13: =IFERROR(SUMIF('Start-Class Minutes'!$B$4:$B$153,$A13,'Start-Class Minutes'!$F$4:$F$153)/SUMIF('Start-Class Minutes'!$B$4:$B$153,$A13,'Start-Class Minutes'!$K$4:$K$153),0) -> 0.21501137 | F13: =IFERROR(SUMIF('Start-Class Minutes'!$B$4:$B$153,$A13,'Start-Class Minutes'!$G$4:$G$153)/SUMIF('Start-Class Minutes'!$B$4:$B$153,$A13,'Start-Class Minutes'!$K$4:$K$153),0) -> 0.10457417 | G13: =IFERROR(SUMIF('Start-Class Minutes'!$B$4:$B$153,$A13,'Start-Class Minutes'!$H$4:$H$153)/SUMIF('Start-Class Minutes'!$B$4:$B$153,$A13,'Start-Class Minutes'!$K$4:$K$153),0) -> 0.019408643 | H13: =IFERROR(SUMIF('Start-Class Minutes'!$B$4:$B$153,$A13,'Start-Class Minutes'!$I$4:$I$153)/SUMIF('Start-Class Minutes'!$B$4:$B$153,$A13,'Start-Class Minutes'!$K$4:$K$153),0) -> 0 | I13: =IFERROR(SUMIF('Start-Class Minutes'!$B$4:$B$153,$A13,'Start-Class Minutes'!$J$4:$J$153)/SUMIF('Start-Class Minutes'!$B$4:$B$153,$A13,'Start-Class Minutes'!$K$4:$K$153),0) -> 0.19484458
A14: HOU | B14: =IFERROR(SUMIF('Start-Class Minutes'!$B$4:$B$153,$A14,'Start-Class Minutes'!$C$4:$C$153)/SUMIF('Start-Class Minutes'!$B$4:$B$153,$A14,'Start-Class Minutes'!$K$4:$K$153),0) -> 0.43089349 | C14: =IFERROR(SUMIF('Start-Class Minutes'!$B$4:$B$153,$A14,'Start-Class Minutes'!$D$4:$D$153)/SUMIF('Start-Class Minutes'!$B$4:$B$153,$A14,'Start-Class Minutes'!$K$4:$K$153),0) -> 0.31125694 | D14: =IFERROR(SUMIF('Start-Class Minutes'!$B$4:$B$153,$A14,'Start-Class Minutes'!$E$4:$E$153)/SUMIF('Start-Class Minutes'!$B$4:$B$153,$A14,'Start-Class Minutes'!$K$4:$K$153),0) -> 0.11948511 | E14: =IFERROR(SUMIF('Start-Class Minutes'!$B$4:$B$153,$A14,'Start-Class Minutes'!$F$4:$F$153)/SUMIF('Start-Class Minutes'!$B$4:$B$153,$A14,'Start-Class Minutes'!$K$4:$K$153),0) -> 0.053558809 | F14: =IFERROR(SUMIF('Start-Class Minutes'!$B$4:$B$153,$A14,'Start-Class Minutes'!$G$4:$G$153)/SUMIF('Start-Class Minutes'!$B$4:$B$153,$A14,'Start-Class Minutes'!$K$4:$K$153),0) -> 0.050883392 | G14: =IFERROR(SUMIF('Start-Class Minutes'!$B$4:$B$153,$A14,'Start-Class Minutes'!$H$4:$H$153)/SUMIF('Start-Class Minutes'!$B$4:$B$153,$A14,'Start-Class Minutes'!$K$4:$K$153),0) -> 0.012115093 | H14: =IFERROR(SUMIF('Start-Class Minutes'!$B$4:$B$153,$A14,'Start-Class Minutes'!$I$4:$I$153)/SUMIF('Start-Class Minutes'!$B$4:$B$153,$A14,'Start-Class Minutes'!$K$4:$K$153),0) -> 0 | I14: =IFERROR(SUMIF('Start-Class Minutes'!$B$4:$B$153,$A14,'Start-Class Minutes'!$J$4:$J$153)/SUMIF('Start-Class Minutes'!$B$4:$B$153,$A14,'Start-Class Minutes'!$K$4:$K$153),0) -> 0.021807168
A15: IND | B15: =IFERROR(SUMIF('Start-Class Minutes'!$B$4:$B$153,$A15,'Start-Class Minutes'!$C$4:$C$153)/SUMIF('Start-Class Minutes'!$B$4:$B$153,$A15,'Start-Class Minutes'!$K$4:$K$153),0) -> 0.25133906 | C15: =IFERROR(SUMIF('Start-Class Minutes'!$B$4:$B$153,$A15,'Start-Class Minutes'!$D$4:$D$153)/SUMIF('Start-Class Minutes'!$B$4:$B$153,$A15,'Start-Class Minutes'!$K$4:$K$153),0) -> 0.23143002 | D15: =IFERROR(SUMIF('Start-Class Minutes'!$B$4:$B$153,$A15,'Start-Class Minutes'!$E$4:$E$153)/SUMIF('Start-Class Minutes'!$B$4:$B$153,$A15,'Start-Class Minutes'!$K$4:$K$153),0) -> 0.10045478 | E15: =IFERROR(SUMIF('Start-Class Minutes'!$B$4:$B$153,$A15,'Start-Class Minutes'!$F$4:$F$153)/SUMIF('Start-Class Minutes'!$B$4:$B$153,$A15,'Start-Class Minutes'!$K$4:$K$153),0) -> 0.14118242 | F15: =IFERROR(SUMIF('Start-Class Minutes'!$B$4:$B$153,$A15,'Start-Class Minutes'!$G$4:$G$153)/SUMIF('Start-Class Minutes'!$B$4:$B$153,$A15,'Start-Class Minutes'!$K$4:$K$153),0) -> 0.075442142 | G15: =IFERROR(SUMIF('Start-Class Minutes'!$B$4:$B$153,$A15,'Start-Class Minutes'!$H$4:$H$153)/SUMIF('Start-Class Minutes'!$B$4:$B$153,$A15,'Start-Class Minutes'!$K$4:$K$153),0) -> 0.01237999 | H15: =IFERROR(SUMIF('Start-Class Minutes'!$B$4:$B$153,$A15,'Start-Class Minutes'!$I$4:$I$153)/SUMIF('Start-Class Minutes'!$B$4:$B$153,$A15,'Start-Class Minutes'!$K$4:$K$153),0) -> 0.0024254674 | I15: =IFERROR(SUMIF('Start-Class Minutes'!$B$4:$B$153,$A15,'Start-Class Minutes'!$J$4:$J$153)/SUMIF('Start-Class Minutes'!$B$4:$B$153,$A15,'Start-Class Minutes'!$K$4:$K$153),0) -> 0.18534613
... A33: WAS | B33: =IFERROR(SUMIF('Start-Class Minutes'!$B$4:$B$153,$A33,'Start-Class Minutes'!$C$4:$C$153)/SUMIF('Start-Class Minutes'!$B$4:$B$153,$A33,'Start-Class Minutes'!$K$4:$K$153),0) -> 0.34812753 | C33: =IFERROR(SUMIF('Start-Class Minutes'!$B$4:$B$153,$A33,'Start-Class Minutes'!$D$4:$D$153)/SUMIF('Start-Class Minutes'!$B$4:$B$153,$A33,'Start-Class Minutes'!$K$4:$K$153),0) -> 0.24762146 | D33: =IFERROR(SUMIF('Start-Class Minutes'!$B$4:$B$153,$A33,'Start-Class Minutes'!$E$4:$E$153)/SUMIF('Start-Class Minutes'!$B$4:$B$153,$A33,'Start-Class Minutes'!$K$4:$K$153),0) -> 0.051012146 | E33: =IFERROR(SUMIF('Start-Class Minutes'!$B$4:$B$153,$A33,'Start-Class Minutes'!$F$4:$F$153)/SUMIF('Start-Class Minutes'!$B$4:$B$153,$A33,'Start-Class Minutes'!$K$4:$K$153),0) -> 0.12464575 | F33: =IFERROR(SUMIF('Start-Class Minutes'!$B$4:$B$153,$A33,'Start-Class Minutes'!$G$4:$G$153)/SUMIF('Start-Class Minutes'!$B$4:$B$153,$A33,'Start-Class Minutes'!$K$4:$K$153),0) -> 0.090131579 | G33: =IFERROR(SUMIF('Start-Class Minutes'!$B$4:$B$153,$A33,'Start-Class Minutes'!$H$4:$H$153)/SUMIF('Start-Class Minutes'!$B$4:$B$153,$A33,'Start-Class Minutes'!$K$4:$K$153),0) -> 0.019433198 | H33: =IFERROR(SUMIF('Start-Class Minutes'!$B$4:$B$153,$A33,'Start-Class Minutes'!$I$4:$I$153)/SUMIF('Start-Class Minutes'!$B$4:$B$153,$A33,'Start-Class Minutes'!$K$4:$K$153),0) -> 0 | I33: =IFERROR(SUMIF('Start-Class Minutes'!$B$4:$B$153,$A33,'Start-Class Minutes'!$J$4:$J$153)/SUMIF('Start-Class Minutes'!$B$4:$B$153,$A33,'Start-Class Minutes'!$K$4:$K$153),0) -> 0.11902834

Sheet Scenario Minutes
A1: Scenario Minutes (raw, by team-season)
A3: Season | B3: Team | C3: Preserve | D3: Pilfer | E3: Baseline | F3: Garbage Time | G3: Other | H3: Total
A4: 2021-22 | B4: ATL | C4: 1547.2 | D4: 1787.8 | E4: 178.4 | F4: 427.6 | G4: 0 | H4: =SUM(C4:G4) -> 3941
A5: 2022-23 | B5: ATL | C5: 1181.7 | D5: 1803.7 | E5: 737.7 | F5: 247.8 | G5: 0 | H5: =SUM(C5:G5) -> 3970.9
A6: 2023-24 | B6: ATL | C6: 588.6 | D6: 2563.8 | E6: 669.3 | F6: 149.4 | G6: 0 | H6: =SUM(C6:G6) -> 3971.1
A7: 2024-25 | B7: ATL | C7: 1395.5 | D7: 2178.2 | E7: 281.6 | F7: 100.6 | G7: 0 | H7: =SUM(C7:G7) -> 3955.9
A8: 2025-26 | B8: ATL | C8: 1035.7 | D8: 1998.6 | E8: 831.3 | F8: 85.3 | G8: 0 | H8: =SUM(C8:G8) -> 3950.9
A9: 2021-22 | B9: BKN | C9: 1109.2 | D9: 2700.2 | E9: 25.1 | F9: 116.5 | G9: 0 | H9: =SUM(C9:G9) -> 3951
A10: 2022-23 | B10: BKN | C10: 656.2 | D10: 2497.1 | E10: 485 | F10: 307.7 | G10: 0 | H10: =SUM(C10:G10) -> 3946
A11: 2023-24 | B11: BKN | C11: 1029.9 | D11: 1636.3 | E11: 1094.9 | F11: 199.9 | G11: 0 | H11: =SUM(C11:G11) -> 3961
A12: 2024-25 | B12: BKN | C12: 802.4 | D12: 2209.7 | E12: 553.9 | F12: 390 | G12: 0 | H12: =SUM(C12:G12) -> 3956
A13: 2025-26 | B13: BKN | C13: 182.6 | D13: 1643.7 | E13: 0 | F13: 816.5 | G13: 1308.2 | H13: =SUM(C13:G13) -> 3951
A14: 2021-22 | B14: BOS | C14: 1609.1 | D14: 1695.5 | E14: 442.8 | F14: 233.6 | G14: 0 | H14: =SUM(C14:G14) -> 3981
A15: 2022-23 | B15: BOS | C15: 1388.2 | D15: 1969.6 | E15: 432.4 | F15: 205.8 | G15: 0 | H15: =SUM(C15:G15) -> 3996
... A153: 2025-26 | B153: WAS | C153: 710.2 | D153: 2063.5 | E153: 588.1 | F153: 589.2 | G153: 0 | H153: =SUM(C153:G153) -> 3951

Sheet Start-Class Minutes
A1: Starting-Class Minutes (raw, by team-season)
A3: Season | B3: Team | C3: 5+0 | D3: 4+1 SB | E3: 4+1 DB | F3: 3+2 SB+SB | G3: 3+2 DB+SB | H3: 3+2 DB+DB | I3: 3+2 Other | J3: <=2 | K3: Total
A4: 2021-22 | B4: ATL | C4: 528 | D4: 2021 | E4: 720 | F4: 96 | G4: 144 | H4: 48 | I4: 0 | J4: 384 | K4: =SUM(C4:J4) -> 3941
A5: 2022-23 | B5: ATL | C5: 2031 | D5: 1167 | E5: 96 | F5: 288 | G5: 48 | H5: 0 | I5: 53 | J5: 288 | K5: =SUM(C5:J5) -> 3971
A6: 2023-24 | B6: ATL | C6: 1738 | D6: 1119 | E6: 293 | F6: 96 | G6: 581 | H6: 48 | I6: 0 | J6: 96 | K6: =SUM(C6:J6) -> 3971
A7: 2024-25 | B7: ATL | C7: 1162 | D7: 485 | E7: 288 | F7: 384 | G7: 1349 | H7: 0 | I7: 0 | J7: 288 | K7: =SUM(C7:J7) -> 3956
A8: 2025-26 | B8: ATL | C8: 2079 | D8: 1536 | E8: 96 | F8: 48 | G8: 96 | H8: 0 | I8: 0 | J8: 96 | K8: =SUM(C8:J8) -> 3951
A9: 2021-22 | B9: BKN | C9: 48 | D9: 192 | E9: 1205 | F9: 528 | G9: 624 | H9: 432 | I9: 149 | J9: 773 | K9: =SUM(C9:J9) -> 3951
A10: 2022-23 | B10: BKN | C10: 1205 | D10: 48 | E10: 965 | F10: 48 | G10: 1200 | H10: 48 | I10: 0 | J10: 432 | K10: =SUM(C10:J10) -> 3946
A11: 2023-24 | B11: BKN | C11: 3337 | D11: 288 | E11: 144 | F11: 0 | G11: 0 | H11: 144 | I11: 0 | J11: 48 | K11: =SUM(C11:J11) -> 3961
A12: 2024-25 | B12: BKN | C12: 1589 | D12: 1215 | E12: 240 | F12: 144 | G12: 480 | H12: 0 | I12: 48 | J12: 240 | K12: =SUM(C12:J12) -> 3956
A13: 2025-26 | B13: BKN | C13: 0 | D13: 144 | E13: 144 | F13: 0 | G13: 672 | H13: 0 | I13: 0 | J13: 2991 | K13: =SUM(C13:J13) -> 3951
A14: 2021-22 | B14: BOS | C14: 1637 | D14: 1268 | E14: 288 | F14: 639 | G14: 48 | H14: 0 | I14: 0 | J14: 101 | K14: =SUM(C14:J14) -> 3981
A15: 2022-23 | B15: BOS | C15: 1465 | D15: 1316 | E15: 437 | F15: 192 | G15: 288 | H15: 53 | I15: 0 | J15: 245 | K15: =SUM(C15:J15) -> 3996
... A153: 2025-26 | B153: WAS | C153: 1402 | D153: 1013 | E153: 288 | F153: 432 | G153: 240 | H153: 48 | I153: 0 | J153: 528 | K153: =SUM(C153:J153) -> 3951
